{"cameraMode":{"drawMode":0,"name":"Shaded","section":"Shading Mode"},"sceneLighting":false,"audioPlay":false,"sceneViewState":{"showFog":true,"showMaterialUpdate":false,"showSkybox":false,"showFlares":true,"showImageEffects":true,"showParticleSystems":true},"in2DMode":false,"pivot":{"x":0.18999993801116944,"y":0.0,"z":9.951417922973633},"rotation":{"x":0.06894899904727936,"y":0.002119125798344612,"z":0.00014309975085780025,"w":-0.9976747035980225},"size":6.753208637237549,"orthographic":false}