{"cameraMode":{"drawMode":0,"name":"Shaded","section":"Shading Mode"},"sceneLighting":true,"audioPlay":false,"sceneViewState":{"showFog":true,"showMaterialUpdate":false,"showSkybox":true,"showFlares":true,"showImageEffects":true,"showParticleSystems":true},"in2DMode":false,"pivot":{"x":-2.3208749294281008,"y":1.7137008905410767,"z":35.424678802490237},"rotation":{"x":0.025490477681159974,"y":0.026115765795111657,"z":0.0006584474467672408,"w":-0.9994092583656311},"size":20.726797103881837,"orthographic":false}