{"cameraMode":{"drawMode":0,"name":"Shaded","section":"Shading Mode"},"sceneLighting":false,"audioPlay":false,"sceneViewState":{"showFog":true,"showMaterialUpdate":false,"showSkybox":false,"showFlares":true,"showImageEffects":true,"showParticleSystems":true},"in2DMode":false,"pivot":{"x":-12.456338882446289,"y":-2.803316354751587,"z":76.36282348632813},"rotation":{"x":0.12121088802814484,"y":-0.2185976654291153,"z":0.027094915509223939,"w":0.9680676460266113},"size":22.933900833129884,"orthographic":false}