{"cameraMode":{"drawMode":0,"name":"Shaded","section":"Shading Mode"},"sceneLighting":true,"audioPlay":false,"sceneViewState":{"showFog":true,"showMaterialUpdate":false,"showSkybox":true,"showFlares":true,"showImageEffects":true,"showParticleSystems":true},"in2DMode":false,"pivot":{"x":9.674891471862793,"y":-1.386115550994873,"z":347.3939208984375},"rotation":{"x":-0.0001964807597687468,"y":-1.0001184940338135,"z":0.006897918879985809,"w":-0.0015307171270251275},"size":8.36004638671875,"orthographic":false}