{"cameraMode":{"drawMode":0,"name":"Shaded","section":"Shading Mode"},"sceneLighting":true,"audioPlay":false,"sceneViewState":{"showFog":true,"showMaterialUpdate":false,"showSkybox":true,"showFlares":true,"showImageEffects":true,"showParticleSystems":true},"in2DMode":false,"pivot":{"x":1.1614519357681275,"y":3.4464147090911867,"z":3.1261751651763918},"rotation":{"x":0.00535429734736681,"y":-0.11110883951187134,"z":0.0006906199268996716,"w":0.9939287304878235},"size":1.7282607555389405,"orthographic":false}