{"cameraMode":{"drawMode":0,"name":"Shaded","section":"Shading Mode"},"sceneLighting":false,"audioPlay":false,"sceneViewState":{"showFog":true,"showMaterialUpdate":false,"showSkybox":false,"showFlares":true,"showImageEffects":true,"showParticleSystems":true},"in2DMode":false,"pivot":{"x":0.18999993801116944,"y":0.0,"z":9.951417922973633},"rotation":{"x":0.03679705038666725,"y":-0.2812977433204651,"z":0.010956448502838612,"w":0.9589993357658386},"size":6.753208637237549,"orthographic":false}