{"cameraMode":{"drawMode":0,"name":"Shaded","section":"Shading Mode"},"sceneLighting":false,"audioPlay":false,"sceneViewState":{"showFog":true,"showMaterialUpdate":false,"showSkybox":false,"showFlares":true,"showImageEffects":true,"showParticleSystems":true},"in2DMode":false,"pivot":{"x":-1.2769563184633626e-9,"y":-0.10103520005941391,"z":11.64157485961914},"rotation":{"x":0.020797913894057275,"y":-0.6628361344337463,"z":0.01859387382864952,"w":0.7484285831451416},"size":0.8277648687362671,"orthographic":false}