{"cameraMode":{"drawMode":0,"name":"Shaded","section":"Shading Mode"},"sceneLighting":false,"audioPlay":false,"sceneViewState":{"showFog":true,"showMaterialUpdate":false,"showSkybox":false,"showFlares":true,"showImageEffects":true,"showParticleSystems":true},"in2DMode":false,"pivot":{"x":28.986358642578126,"y":11.409688949584961,"z":121.47122955322266},"rotation":{"x":-0.0278936754912138,"y":0.005405184347182512,"z":-0.00015448367048520595,"w":-0.999611496925354},"size":11.384153366088868,"orthographic":false}